[
  {
    "model": "product_api.category",
    "pk": 1,
    "fields": {
      "title": "Ноутбуки и компьютеры",
      "images": "category/Ноутбуки и компьютеры/icons8-компьютер-64.png"
    }
  },
  {
    "model": "product_api.category",
    "pk": 2,
    "fields": {
      "title": "Смартфоны и планшеты",
      "images": "category/Смартфоны и планшеты/icons8-смартфон---планшет-64.png"
    }
  },
  {
    "model": "product_api.category",
    "pk": 3,
    "fields": {
      "title": "Телевизоры и видео",
      "images": "category/Телевизоры и видео/icons8-телевизор-64.png"
    }
  },
  {
    "model": "product_api.category",
    "pk": 4,
    "fields": {
      "title": "Аудио и наушники",
      "images": "category/Аудио и наушники/icons8-наушники-64.png"
    }
  },
  {
    "model": "product_api.category",
    "pk": 5,
    "fields": {
      "title": "Фото и видео камеры",
      "images": "category/Фото и видео камеры/icons8-фото-64.png"
    }
  },
  {
    "model": "product_api.category",
    "pk": 6,
    "fields": {
      "title": "Игровые приставки",
      "images": "category/Игровые приставки/icons8-playstation-4-64.png"
    }
  },
  {
    "model": "product_api.subcategory",
    "pk": 1,
    "fields": {
      "title": "Компьютеры",
      "image": "subcategory/Компьютеры/icons8-рабочая-станция-64.png",
      "parent": 1
    }
  },
  {
    "model": "product_api.subcategory",
    "pk": 2,
    "fields": {
      "title": "Ноутбуки",
      "image": "subcategory/Ноутбуки/icons8-ноутбук-64.png",
      "parent": 1
    }
  },
  {
    "model": "product_api.subcategory",
    "pk": 3,
    "fields": {
      "title": "Мониторы",
      "image": "subcategory/Мониторы/icons8-монитор-64.png",
      "parent": 1
    }
  },
  {
    "model": "product_api.subcategory",
    "pk": 4,
    "fields": {
      "title": "Смартфоны",
      "image": "subcategory/Смартфоны/icons8-сотовый-телефон-64.png",
      "parent": 2
    }
  },
  {
    "model": "product_api.subcategory",
    "pk": 5,
    "fields": {
      "title": "Планшеты",
      "image": "subcategory/Планшеты/icons8-ipad-64.png",
      "parent": 2
    }
  },
  {
    "model": "product_api.subcategory",
    "pk": 6,
    "fields": {
      "title": "Аксессуары для смартфонов и планшетов",
      "image": "subcategory/Аксессуары для смартфонов и планшетов/icons8-чехол-для-телефона-48.png",
      "parent": 2
    }
  },
  {
    "model": "product_api.subcategory",
    "pk": 7,
    "fields": {
      "title": "Телевизоры",
      "image": "subcategory/Телевизоры/icons8-телевизор-64_1.png",
      "parent": 3
    }
  },
  {
    "model": "product_api.subcategory",
    "pk": 8,
    "fields": {
      "title": "Колонки",
      "image": "subcategory/Колонки/icons8-динамик-64.png",
      "parent": 4
    }
  },
  {
    "model": "product_api.subcategory",
    "pk": 9,
    "fields": {
      "title": "Наушники",
      "image": "subcategory/Наушники/icons8-наушники-64_1.png",
      "parent": 4
    }
  },
  {
    "model": "product_api.subcategory",
    "pk": 10,
    "fields": {
      "title": "Фотокамеры",
      "image": "subcategory/Фотокамеры/icons8-камера-100.png",
      "parent": 5
    }
  },
  {
    "model": "product_api.subcategory",
    "pk": 11,
    "fields": {
      "title": "Игровые приставки",
      "image": "subcategory/Игровые приставки/icons8-xbox-one-x-64.png",
      "parent": 6
    }
  },
  {
    "model": "product_api.subcategory",
    "pk": 12,
    "fields": {
      "title": "Аксессуары для игровых приставок",
      "image": "subcategory/Аксессуары/icons8-геймпад-64.png",
      "parent": 6
    }
  },
  {
    "model": "product_api.tags",
    "pk": 1,
    "fields": {
      "name": "4K-разрешение"
    }
  },
  {
    "model": "product_api.tags",
    "pk": 2,
    "fields": {
      "name": "Быстрая зарядка"
    }
  },
  {
    "model": "product_api.tags",
    "pk": 3,
    "fields": {
      "name": "Шумоподавление"
    }
  },
  {
    "model": "product_api.tags",
    "pk": 4,
    "fields": {
      "name": "Игровая"
    }
  },
  {
    "model": "product_api.specifications",
    "pk": 1,
    "fields": {
      "name": "Страна-производитель",
      "value": "Китай",
      "product": "PlayStation 4 Slim"
    }
  },
  {
    "model": "product_api.specifications",
    "pk": 2,
    "fields": {
      "name": "Дисковод в конструкции",
      "value": "Есть",
      "product": "PlayStation 4 Slim"
    }
  },
  {
    "model": "product_api.specifications",
    "pk": 3,
    "fields": {
      "name": "Прочие комплектующие",
      "value": "Гарнитура, документация, кабель HDMI – HDMI, кабель micro USB – USB, кабель питания",
      "product": "PlayStation 4 Slim"
    }
  },
  {
    "model": "product_api.specifications",
    "pk": 4,
    "fields": {
      "name": "Страна-производитель",
      "value": "Китай",
      "product": "PlayStation 5 Digital Edition"
    }
  },
  {
    "model": "product_api.specifications",
    "pk": 5,
    "fields": {
      "name": "Дисковод в конструкции",
      "value": "Нет",
      "product": "PlayStation 5 Digital Edition"
    }
  },
  {
    "model": "product_api.specifications",
    "pk": 6,
    "fields": {
      "name": "Прочие комплектующие",
      "value": "документация, кабель HDMI – HDMI, кабель USB Type-C – USB, кабель питания",
      "product": "PlayStation 5 Digital Edition"
    }
  },
  {
    "model": "product_api.specifications",
    "pk": 7,
    "fields": {
      "name": "Страна-производитель",
      "value": "Китай",
      "product": "PlayStation DualSense CFI-ZCT1J белый"
    }
  },
  {
    "model": "product_api.specifications",
    "pk": 8,
    "fields": {
      "name": "Поддерживаемые платформы",
      "value": "Android, PS5, iOS",
      "product": "PlayStation DualSense CFI-ZCT1J белый"
    }
  },
  {
    "model": "product_api.specifications",
    "pk": 9,
    "fields": {
      "name": "Страна-производитель",
      "value": "Китай",
      "product": "Apple Iphone 13"
    }
  },
  {
    "model": "product_api.specifications",
    "pk": 10,
    "fields": {
      "name": "Поддержка eSIM",
      "value": "нет",
      "product": "Apple Iphone 13"
    }
  },
  {
    "model": "product_api.specifications",
    "pk": 11,
    "fields": {
      "name": "Страна-производитель",
      "value": "Китай",
      "product": "Nokia C01 Plus 16 ГБ синий"
    }
  },
  {
    "model": "product_api.specifications",
    "pk": 12,
    "fields": {
      "name": "Поддержка eSIM",
      "value": "Нет",
      "product": "Nokia C01 Plus 16 ГБ синий"
    }
  },
  {
    "model": "product_api.specifications",
    "pk": 13,
    "fields": {
      "name": "Поддержка eSIM",
      "value": "Нет",
      "product": "Samsung Galaxy A03 Core"
    }
  },
  {
    "model": "product_api.specifications",
    "pk": 14,
    "fields": {
      "name": "Страна-произовдитель",
      "value": "Китай",
      "product": "Samsung Galaxy A03 Core"
    }
  },
  {
    "model": "product_api.specifications",
    "pk": 16,
    "fields": {
      "name": "Страна-производитель",
      "value": "Китай",
      "product": "Samsung Galaxy Watch4 44mm"
    }
  },
  {
    "model": "product_api.specifications",
    "pk": 17,
    "fields": {
      "name": "Страна-производитель",
      "value": "Китай",
      "product": "Apple watch se"
    }
  },
  {
    "model": "product_api.specifications",
    "pk": 18,
    "fields": {
      "name": "Страна-производитель",
      "value": "Китай",
      "product": "Apple iPad (2022) Wi-Fi 64 ГБ желтый"
    }
  },
  {
    "model": "product_api.specifications",
    "pk": 19,
    "fields": {
      "name": "Диагональ экрана (дюйм)",
      "value": "10.9\"",
      "product": "Apple iPad (2022) Wi-Fi 64 ГБ желтый"
    }
  },
  {
    "model": "product_api.specifications",
    "pk": 20,
    "fields": {
      "name": "Страна-производитель",
      "value": "Китай",
      "product": "Samsung Galaxy Tab A8 LTE 128 ГБ розовый"
    }
  },
  {
    "model": "product_api.specifications",
    "pk": 21,
    "fields": {
      "name": "Диагональ экрана (дюйм)",
      "value": "10.5\"",
      "product": "Samsung Galaxy Tab A8 LTE 128 ГБ розовый"
    }
  },
  {
    "model": "product_api.specifications",
    "pk": 22,
    "fields": {
      "name": "Диагональ экрана (дюйм)",
      "value": "32\"",
      "product": "Телевизор LED Xiaomi MI TV P1 32 черный"
    }
  },
  {
    "model": "product_api.specifications",
    "pk": 23,
    "fields": {
      "name": "Разрешение экрана",
      "value": "HD, 1366x768",
      "product": "Телевизор LED Xiaomi MI TV P1 32 черный"
    }
  },
  {
    "model": "product_api.specifications",
    "pk": 24,
    "fields": {
      "name": "Диагональ экрана (дюйм)",
      "value": "55\"",
      "product": "Телевизор LED LG 55NANO766QA черный"
    }
  },
  {
    "model": "product_api.specifications",
    "pk": 25,
    "fields": {
      "name": "Разрешение экрана",
      "value": "4K UltraHD, 3840x2160",
      "product": "Телевизор LED LG 55NANO766QA черный"
    }
  },
  {
    "model": "product_api.specifications",
    "pk": 26,
    "fields": {
      "name": "Модель процессора",
      "value": "Intel Core i5-13400F",
      "product": "ПК MSI MAG Infinite S3 13TC-655XRU [9S6-B93821-655]"
    }
  },
  {
    "model": "product_api.specifications",
    "pk": 27,
    "fields": {
      "name": "Общий объем оперативной памяти",
      "value": "32 ГБ",
      "product": "ПК MSI MAG Infinite S3 13TC-655XRU [9S6-B93821-655]"
    }
  },
  {
    "model": "product_api.specifications",
    "pk": 28,
    "fields": {
      "name": "Модель дискретной видеокарты",
      "value": "GeForce RTX 3060",
      "product": "ПК MSI MAG Infinite S3 13TC-655XRU [9S6-B93821-655]"
    }
  },
  {
    "model": "product_api.specifications",
    "pk": 29,
    "fields": {
      "name": "Диагональ экрана (дюйм)",
      "value": "16\"",
      "product": "Ноутбук Lenovo IdeaPad Gaming 3 16IAH7 черный"
    }
  },
  {
    "model": "product_api.specifications",
    "pk": 30,
    "fields": {
      "name": "Разрешение экрана",
      "value": "1920x1200",
      "product": "Ноутбук Lenovo IdeaPad Gaming 3 16IAH7 черный"
    }
  },
  {
    "model": "product_api.specifications",
    "pk": 31,
    "fields": {
      "name": "Модель процессора",
      "value": "Intel Core i5-12450H",
      "product": "Ноутбук Lenovo IdeaPad Gaming 3 16IAH7 черный"
    }
  },
  {
    "model": "product_api.specifications",
    "pk": 32,
    "fields": {
      "name": "Модель дискретной видеокарты",
      "value": "GeForce RTX 3050 Ti для ноутбуков",
      "product": "Ноутбук Lenovo IdeaPad Gaming 3 16IAH7 черный"
    }
  },
  {
    "model": "product_api.specifications",
    "pk": 33,
    "fields": {
      "name": "Страна-производитель",
      "value": "Малайзия",
      "product": "Sony wh-1000"
    }
  },
  {
    "model": "product_api.specifications",
    "pk": 34,
    "fields": {
      "name": "Страна-производитель",
      "value": "Тайвань (Китай)",
      "product": "Зеркальный фотоаппарат Canon EOS 2000D Kit 18-55mm DC черный"
    }
  },
  {
    "model": "product_api.product",
    "pk": 1,
    "fields": {
      "category": 6,
      "subcategory": 11,
      "popular": true,
      "sale": false,
      "limited": false,
      "description": "500 ГБ, с дисководом, Bluetooth 4.0, Wi-Fi 5 (802.11ac), HDMI 1.4, до FullHD, 1920x1080",
      "fullDescription": "Попробуйте тонкую, компактную и по-прежнему мощную игровую приставку PlayStation 4 Slim, которая на 30% тоньше и на 16% легче, чем оригинальная модель PS4. Откройте для себя яркие, насыщенные цвета с потрясающей HDR-визуализацией, храните свои игры, приложения, изображения и видео на жестком диске на 500 ГБ. Улучшенный беспроводной контроллер DualShock 4 ощущается по-другому и обладает яркой световой панелью, с помощью которой вы получите еще больше контроля в играх.",
      "salePrice": "400.00",
      "price": "400.00",
      "freeDelivery": false,
      "title": "PlayStation 4 Slim",
      "count": 23,
      "date": "2023-07-06T20:36:56.185Z",
      "dateFrom": null,
      "dateTo": null,
      "rating": 0.0,
      "tags": [
        1
      ],
      "specifications": [
        1,
        2,
        3
      ]
    }
  },
  {
    "model": "product_api.product",
    "pk": 2,
    "fields": {
      "category": 6,
      "subcategory": 11,
      "popular": true,
      "sale": false,
      "limited": false,
      "description": "825 ГБ, Bluetooth 5.1, Wi-Fi 6 (802.11ax), HDMI 2.1, до 8K UltraHD, 7680x4320",
      "fullDescription": "Испытайте мощь ЦП, графического процессора и SSD с особой встроенной системой ввода и вывода, которые переворачивают представления о возможностях PlayStation. Специальная интегрированная система ввода и вывода на консоли PS5 позволяет разработчикам получать данные с накопителя SSD настолько быстро, что перед создателями игр открываются недостижимые раньше возможности. Испытайте полное погружение в невероятно реалистичные миры благодаря специальным алгоритмам вычисления световых лучей, с которыми избранные игры PS5 заиграют красками света, тени и отражений.\r\nНаслаждайтесь плавным изображением на мониторах 4K во время игры с частотой кадров до 120 fps для игр с поддержкой частоты обновления 120 Гц. При подключении к телевизорам с HDR картинка игр PS5 с поддержкой этой технологии станет невероятно реалистичной с живыми, яркими цветами. Консоль PS5 поддерживает вывод сигнала 8K, чтобы в игры можно было играть на экранах с разрешением 4320p.\r\nПогрузитесь в мир объемного звука, где вы постоянно ощущаете себя в центре звуковой сцены и каждый звук направлен на вас. Благодаря технологии Tempest 3D AudioTech в поддерживаемых играх вы сможете насладиться трехмерным звучанием и в наушниках, и на динамиках телевизора. Испытайте реалистичную тактильную отдачу с беспроводным контроллером DualSense для некоторых игр PS5 с поддержкой этих функций и невероятный эффект полного погружения благодаря тактильным ощущениям в ответ на ваши действия и события в игре. Испытайте невероятные ощущения благодаря адаптивным спусковым кнопкам с динамически регулируемыми уровнями сопротивления, которые симулируют физические ощущения в ответ на ваши действия в поддерживаемых играх для PS5.",
      "salePrice": "520.00",
      "price": "520.00",
      "freeDelivery": false,
      "title": "PlayStation 5 Digital Edition",
      "count": 43,
      "date": "2023-07-06T21:55:38.203Z",
      "dateFrom": null,
      "dateTo": null,
      "rating": 0.0,
      "tags": [
        1
      ],
      "specifications": [
        4,
        5,
        6
      ]
    }
  },
  {
    "model": "product_api.product",
    "pk": 3,
    "fields": {
      "category": 6,
      "subcategory": 12,
      "popular": false,
      "sale": true,
      "limited": false,
      "description": "для Android, iOS, PS5, подключение - Bluetooth, виброотдача, гироскоп, питание - аккумулятор",
      "fullDescription": "Почувствуйте невероятное погружение в игровую реальность благодаря контроллеру PlayStation DualSense с инновационными функциями.\r\nПочувствуйте физическую отдачу в ответ на ваши действия в игре благодаря парным приводам, заместившим собой вибромоторчики. В ваших руках динамическая вибрация контроллера позволит симулировать широкий спектр ощущений — от окружения в игре до отдачи различных видов оружия. Испытайте реалистичные ощущения от взаимодействия с предметами и окружением в игре и благодаря разной степени усилия и сопротивления триггеров. Вы сможете реально почувствовать натяжение тетивы или удар по тормозам и полностью окунуться в действие игры.\r\nОбщайтесь с друзьями в чате благодаря встроенному микрофону либо подключив гарнитуру через разъем 3.5 мм. Легко отключайте микрофон с помощью специальной кнопки выключения звука. Записывайте самые эффектные игровые моменты и ведите стримы с помощью кнопки создания. Опираясь на успех кнопки Share, кнопка создания предлагает игрокам еще больше возможностей для создания игрового контента и трансляции своих приключений в прямом эфире.",
      "salePrice": "70.00",
      "price": "80.00",
      "freeDelivery": false,
      "title": "PlayStation DualSense CFI-ZCT1J белый",
      "count": 54,
      "date": "2023-07-06T22:05:28.092Z",
      "dateFrom": "07-07",
      "dateTo": "01-09",
      "rating": 0.0,
      "tags": [
        1
      ],
      "specifications": [
        7,
        8
      ]
    }
  },
  {
    "model": "product_api.product",
    "pk": 4,
    "fields": {
      "category": 2,
      "subcategory": 4,
      "popular": false,
      "sale": false,
      "limited": false,
      "description": "ядер - 8x(1.6 ГГц), 1 Гб, 2 SIM, IPS, 1440x720, камера 5 Мп, 4G, GPS, FM, 3000 мА*ч",
      "fullDescription": "Смартфон Nokia C01 Plus – простое и понятное в обращении устройство со встроенной памятью 16 ГБ. Оно станет идеальным выбором в качестве первого мобильного устройства для школьника. Благодаря небольшим размерам смартфон удобно лежит в руке, а его понятный интерфейс способствует удобству применения. IPS-экран модели обладает диагональю 5.45 дюйма и высокодетализированным разрешением 1440x720 пикс.\r\nПластиковый корпус уместил процессор Spreadtrum SC9863A, графический ускоритель PowerVR GE8322 и 1 ГБ оперативной памяти. Пользователя порадует возможность делать фото на 5-мегапиксельную камеру и поддерживать видеосвязь. О сохранности данных в смартфоне Nokia C01 Plus призван заботиться датчик распознавания лица.",
      "salePrice": "55.00",
      "price": "55.00",
      "freeDelivery": false,
      "title": "Nokia C01 Plus 16 ГБ синий",
      "count": 12,
      "date": "2023-07-07T09:53:22.388Z",
      "dateFrom": null,
      "dateTo": null,
      "rating": 0.0,
      "tags": [],
      "specifications": [
        11,
        12
      ]
    }
  },
  {
    "model": "product_api.product",
    "pk": 5,
    "fields": {
      "category": 2,
      "subcategory": 4,
      "popular": false,
      "sale": false,
      "limited": false,
      "description": "ядер - 8x(1.2 ГГц, 1.6 ГГц), 2 Гб, 2 SIM, TN, 1600x720, камера 8 Мп, 4G, GPS, FM, 5000 мА*ч",
      "fullDescription": "Смартфон Samsung Galaxy A03 Core 32 ГБ относится к модельному ряду устройств начального уровня со сбалансированным набором характеристик. Примечательной особенностью смартфона является безрамочный дисплей 6.5 дюйма. Процессор Spreadtrum SC9863A в комбинации с 2 ГБ памяти ОЗУ гарантирует достаточно высокую производительность.\r\nSamsung Galaxy A03 Core оборудован камерой 8 Мп с LED-вспышкой на тыловой стороне и камерой 5 Мп спереди. Мобильное устройство отличается поддержкой двух карт SIM, слотом для карты памяти, востребованными беспроводными интерфейсами. Аккумулятор 5000 мА*ч гарантирует продолжительное время автономности.",
      "salePrice": "65.00",
      "price": "65.00",
      "freeDelivery": false,
      "title": "Samsung Galaxy A03 Core 32 ГБ зеленый",
      "count": 43,
      "date": "2023-07-07T09:55:54.439Z",
      "dateFrom": null,
      "dateTo": null,
      "rating": 0.0,
      "tags": [],
      "specifications": [
        13,
        14
      ]
    }
  },
  {
    "model": "product_api.product",
    "pk": 6,
    "fields": {
      "category": 2,
      "subcategory": 4,
      "popular": true,
      "sale": false,
      "limited": false,
      "description": "ядер - 6x(1.8 ГГц, 3.2 ГГц), 4 Гб, 2 SIM, OLED, 2532x1170, камера 12+12 Мп, NFC, 5G, GPS",
      "fullDescription": "Не существует ни одной задачи, с выполнением которой не справился бы смартфон Apple iPhone 13. Неважно, что необходимо пользователю в текущий момент – навигация между окнами, быстрая загрузка приложений или мгновенная обработка данных. С 6-ядерным процессором Apple A15 Bionic вы не ощутите малейших задержек, наслаждаясь высокой производительностью на протяжении всего дня. Создавайте яркие памятные снимки с детальным отображением каждого элемента, а вашей помощницей станет двойная основная камера с предустановленными эффектами.\r\nТранслируемые на 6.1-дюймовый экран смартфона Apple iPhone 13 изображения захватывают дух реалистичностью и контрастностью, ведь их разрешение достигает 2532х1170 пикселей. Выполненный из стекла и металла корпус отличает устойчивость не только к внешним агрессивным воздействиям, но и влаге – а все благодаря защите по стандарту IP68 и покрытию Ceramic Shield. Сканер лица выступит в качестве надежного «щита» против несанкционированного доступа к личной информации.",
      "salePrice": "700.00",
      "price": "700.00",
      "freeDelivery": false,
      "title": "Apple iPhone 13 128 ГБ черный",
      "count": 52,
      "date": "2023-07-07T10:27:22.388Z",
      "dateFrom": null,
      "dateTo": null,
      "rating": 0.0,
      "tags": [],
      "specifications": [
        9,
        10
      ]
    }
  },
  {
    "model": "product_api.product",
    "pk": 7,
    "fields": {
      "category": 2,
      "subcategory": 6,
      "popular": false,
      "sale": false,
      "limited": true,
      "description": "корпус - зеленый, ремешок - зеленый, 1.4\", Super AMOLED, 450x450, IP68, Bluetooth, NFC, Wi-Fi, для Android 6.0 и выше",
      "fullDescription": "Смарт-часы Samsung Galaxy Watch4 44mm со стильным зеленым дизайном оснащены круглым алюминиевым корпусом с дисплеем 1.4”, защитным стеклом от царапин и эластичным съемным ремешком. Яркий экран отображает 16 млн цветов, позволяет легко читать мелкие надписи. «Умные» часы поддерживают беспроводную зарядку, для которой требуется всего 1.8 ч.\r\nПортативный миникомпьютер Samsung Galaxy Watch4 44mm измеряет АД, уровень кислорода, пройденные шаги и расстояние, потраченные калории, делает БИА и ЭКГ. Ночью аксессуар контролирует длительность и качество сна, измеряет уровень кислорода, обнаруживает наличие храпа и падения. Устройство распознает 96 типов тренировок, напоминает о необходимости вымыть руки, позволяет просматривать уведомления, принимать звонки, удаленно управлять камерой и музыкой.",
      "salePrice": "140.00",
      "price": "140.00",
      "freeDelivery": false,
      "title": "Samsung Galaxy Watch4 44mm",
      "count": 32,
      "date": "2023-07-07T10:46:12.677Z",
      "dateFrom": null,
      "dateTo": null,
      "rating": 0.0,
      "tags": [],
      "specifications": [
        16
      ]
    }
  },
  {
    "model": "product_api.product",
    "pk": 8,
    "fields": {
      "category": 2,
      "subcategory": 6,
      "popular": true,
      "sale": false,
      "limited": false,
      "description": "корпус - серебристый, ремешок - белый, OLED, 448x368, Bluetooth, NFC, Wi-Fi, для iOS 16 и выше",
      "fullDescription": "Смарт-часы Apple Watch SE 2022 44mm – многофункциональное устройство. С этим помощником вы будете всегда оставаться на связи и получать сведения о показателях физической активности. Ряд датчиков с высокой точностью определяют пульс, количество шагов, качество сна и другие параметры здоровья. В часах установлен сенсорный дисплей с технологией OLED.\r\nКорпус из алюминия с водонепроницаемостью 5 Бар отличается стойкостью к воздействию воды и пыли. Благодаря силиконовому ремешку часы удобно располагаются на запястье. Встроенные динамики и микрофон формируют четкий звук. В смарт-часах реализованы стандарты беспроводной синхронизации Bluetooth, Wi-Fi, NFC и GPS. Датчики с высокой четкостью определяют разные показатели здоровья и физической активности пользователя. Аккумулятор гарантирует в пределах 18 часов работы Apple Watch SE 2022 на одном заряде.",
      "salePrice": "250.00",
      "price": "250.00",
      "freeDelivery": false,
      "title": "Apple Watch SE 2022 44mm",
      "count": 5,
      "date": "2023-07-07T10:49:05.044Z",
      "dateFrom": null,
      "dateTo": null,
      "rating": 0.0,
      "tags": [],
      "specifications": [
        17
      ]
    }
  },
  {
    "model": "product_api.product",
    "pk": 9,
    "fields": {
      "category": 2,
      "subcategory": 5,
      "popular": false,
      "sale": false,
      "limited": true,
      "description": "1920x1200, TFT, 8x2 ГГц, 4 ГБ, 7040 мА*ч, Android 12.x",
      "fullDescription": "Планшет Samsung Galaxy Tab A8 LTE подарит возможность использования любых приложений и навигации между ними без малейших ограничений. Высокая работоспособность обусловлена 8-ядерным процессором Unisoc Tiger T618 и 4 ГБ оперативной памяти. Конфигурацией 10.5-дюймового дисплея предусмотрен датчик, который оценивает уровень освещенности и меняет показатели яркости. Вы начнете комфортно наслаждаться контентом даже при ярких солнечных лучах.\r\nПланшет Samsung Galaxy Tab A8 LTE может похвастаться стереодинамиками и поддержкой Dolby Atmos. Окружающее пространство наполнится четким и насыщенным звуком, гарантирующим максимальное погружение. Широкий цветовой охват и точная демонстрация каждого оттенка достигается применением TFT-технологии. Личная информация станет доступна только после идентификации по чертам лица. Не менее 11.5 ч доступа к площадкам Сети обеспечит аккумулятор емкостью 7040 мАч.",
      "salePrice": "210.00",
      "price": "210.00",
      "freeDelivery": false,
      "title": "Samsung Galaxy Tab A8 LTE 128 ГБ розовый",
      "count": 65,
      "date": "2023-07-07T11:12:18.737Z",
      "dateFrom": null,
      "dateTo": null,
      "rating": 0.0,
      "tags": [],
      "specifications": [
        20,
        21
      ]
    }
  },
  {
    "model": "product_api.product",
    "pk": 10,
    "fields": {
      "category": 2,
      "subcategory": 5,
      "popular": false,
      "sale": false,
      "limited": false,
      "description": "2360x1640, IPS, 6x3.1 ГГц, 4 ГБ, 7606 мА*ч, iPadOS 16",
      "fullDescription": "Обновленный iPad красочно переосмыслен, чтобы стать более функциональным, более интуитивным и еще более увлекательным. Благодаря полноэкранному дизайну, 10,9-дюймовому дисплею Liquid Retina и четырем великолепным цветам iPad предлагает мощный способ заниматься делами, творить и оставаться на связи. Добавьте необходимые аксессуары, разработанные специально для iPad, и наслаждайтесь безграничной универсальностью для всего, что вы любите делать.\r\nЧип A14 Bionic обеспечивает мощность и производительность для любой деятельности. Редактируйте видео 4K в iMovie, планируйте путешествие по миру с друзьями или играйте в игры с интенсивным использованием графики. Благодаря аккумулятору, работающему в течение всего дня, вы можете делать все, не пропуская ни секунды.\r\nПотрясающий 10,9-дюймовый дисплей Liquid Retina создает невероятный холст. Таким образом, вы можете рисовать, делать заметки, помечать документы и многое другое с помощью Apple Pencil.",
      "salePrice": "400.00",
      "price": "400.00",
      "freeDelivery": false,
      "title": "Планшет Apple iPad (2022) Wi-Fi 64 ГБ желтый",
      "count": 13,
      "date": "2023-07-07T11:14:48.619Z",
      "dateFrom": null,
      "dateTo": null,
      "rating": 0.0,
      "tags": [],
      "specifications": [
        18,
        19
      ]
    }
  },
  {
    "model": "product_api.product",
    "pk": 11,
    "fields": {
      "category": 3,
      "subcategory": 7,
      "popular": false,
      "sale": false,
      "limited": false,
      "description": "HD, 1366x768, DLNA, Wi-Fi, 60 Гц, Android TV, HDMI х 3, USB х 2 шт",
      "fullDescription": "Без ободка с трех сторон эта новаторская конструкция обеспечивает более высокое соотношение экрана к корпусу и углы обзора 178°, обеспечивая более захватывающий и приятный опыт просмотра. Mi TV P1 на 32 дюйма имеет разрешение 1366 x 768 пикселей (HD). Два стереодинамика мощностью 5 Вт обеспечивают богатый, четкий и многослойный кинематографический звук, не выходя из вашей гостиной. Операционная система – Android TV 9.",
      "salePrice": "130.00",
      "price": "130.00",
      "freeDelivery": false,
      "title": "Телевизор LED Xiaomi MI TV P1 32 черный",
      "count": 4,
      "date": "2023-07-07T11:58:09.461Z",
      "dateFrom": null,
      "dateTo": null,
      "rating": 0.0,
      "tags": [],
      "specifications": [
        22,
        23
      ]
    }
  },
  {
    "model": "product_api.product",
    "pk": 12,
    "fields": {
      "category": 3,
      "subcategory": 7,
      "popular": false,
      "sale": false,
      "limited": true,
      "description": "NanoCell, 4K UltraHD, 3840x2160, DLNA, Wi-Fi, 60 Гц, webOS, HDMI х 3, USB х 2 шт",
      "fullDescription": "Телевизор LED LG 55NANO766QA обладает расширенной технологией NanoCell, которая делает картинку предельно четкой, яркой и чистой. 55-дюймовый экран с 4K-разрешением позволяет сполна наслаждаться любимыми фильмами в высоком качестве. Громкие динамики на 20 Вт с технологиями объемного звучания не нуждаются в подключении сторонней акустики.\r\nLG 55NANO766QA оснащен интуитивно простым меню настроек и доступом к приложениям Smart TV. Поиск нужной программы и контента упрощают виртуальный помощник и поддержка управления голосом. Вы можете менять настройки через мобильное приложение и использовать пульт Magic Remote, экспериментировать с режимами просмотра, передавать на большой экран фото и видео со смартфона. Модель дополнена панелью управления домом, игровым режимом HGIG и другими полезными функциями.",
      "salePrice": "500.00",
      "price": "500.00",
      "freeDelivery": false,
      "title": "Телевизор LED LG 55NANO766QA черный",
      "count": 4,
      "date": "2023-07-07T12:02:28.130Z",
      "dateFrom": null,
      "dateTo": null,
      "rating": 0.0,
      "tags": [
        1
      ],
      "specifications": [
        24,
        25
      ]
    }
  },
  {
    "model": "product_api.product",
    "pk": 13,
    "fields": {
      "category": 1,
      "subcategory": 1,
      "popular": false,
      "sale": false,
      "limited": false,
      "description": "Intel Core i5-13400F, 6 x x2.5 ГГц, 32 ГБ DDR4, GeForce RTX 3060, SSD 1000 ГБ, без ОС",
      "fullDescription": "ПК MSI MAG Infinite S3 13TC-655XRU продуман до мельчайших деталей, чтобы на нем можно было без проблем запустить любую игру на самых высоких настройках графики. Черный корпус выглядит эффектно за счет интересного дизайна лицевой панели и встроенной подсветки Mystic Light с возможностью тонкой настройки свечения. Системный блок предусматривает большое воздухозаборное отверстие для притока воздуха к внутренним компонентам компьютера и хорошей вентиляции.\r\nБлагодаря высокой производительности ПК MSI MAG Infinite S3 13TC-655XRU подойдет для любой игры. Графический процессор NVIDIA GeForce RTX 3060 с улучшенными вычислительными блоками поддерживает трассировку лучей в режиме реального времени и передовые технологии искусственного интеллекта, чтобы геймер мог с головой погрузиться в захватывающее прохождение игр с реалистичной графикой. В модели используется 6-ядерный процессор Intel Core i5-13400F, благодаря которому компьютер сможет справиться с любыми задачами.",
      "salePrice": "900.00",
      "price": "900.00",
      "freeDelivery": false,
      "title": "ПК MSI MAG Infinite S3 13TC-655XRU [9S6-B93821-655]",
      "count": 7,
      "date": "2023-07-07T12:08:29.983Z",
      "dateFrom": null,
      "dateTo": null,
      "rating": 0.0,
      "tags": [
        4
      ],
      "specifications": [
        26,
        27,
        28
      ]
    }
  },
  {
    "model": "product_api.product",
    "pk": 14,
    "fields": {
      "category": 1,
      "subcategory": 2,
      "popular": false,
      "sale": false,
      "limited": true,
      "description": "1920x1200, IPS, Intel Core i5-12450H, ядра: 4 + 4 х 2 ГГц, RAM 16 ГБ, SSD 512 ГБ, GeForce RTX 3050 Ti для ноутбуков 4 ГБ, без ОС",
      "fullDescription": "Ноутбук Lenovo IdeaPad Gaming 3 16IAH7 позволяет запускать игры с высокими графическими настройками и продуктивно работать в профессиональных программах. Для достижения мощности и скорости в портативной геймерской станции задействована дискретная видеокарта GeForce RTX 3050 Ti. Активная система охлаждения с вентиляторами адаптируется под вычислительные нагрузки и эффективно рассеивает тепло, предотвращая нагрев внутренних компонентов до критических температур.\r\nНа экране 16 дюймов с панелью IPS FullHD выводится реалистичное изображение. Частота 165 Гц помогает предотвратить искажения графики в динамичных игровых жанрах. Для удобства управления в разное время суток установлена полноразмерная клавиатура с белой светодиодной подсветкой символов. Общаться по видеосвязи позволяют веб-камера и микрофон, расположенные на верхней рамке. Энергоемкий аккумулятор гарантирует до 7 часов автономной работы Lenovo IdeaPad Gaming 3 на одном заряде.",
      "salePrice": "700.00",
      "price": "700.00",
      "freeDelivery": false,
      "title": "Ноутбук Lenovo IdeaPad Gaming 3 16IAH7 черный",
      "count": 4,
      "date": "2023-07-07T12:13:05.942Z",
      "dateFrom": null,
      "dateTo": null,
      "rating": 0.0,
      "tags": [
        4
      ],
      "specifications": [
        29,
        30,
        31,
        32
      ]
    }
  },
  {
    "model": "product_api.product",
    "pk": 15,
    "fields": {
      "category": 4,
      "subcategory": 9,
      "popular": false,
      "sale": false,
      "limited": false,
      "description": "2.0, внутриканальные, Bluetooth, 5.0",
      "fullDescription": "Наушники TWS Apple AirPods Pro отличает реализованная в них технология активного шумоподавления, благодаря которой отсекаются все звуки окружающего мира, что позволит с комфортом слушать музыку в самых шумных местах. Модель стала обладательницей внутриканальных амбушюр с силиконовыми вкладышами, которые представлены в комплекте поставки тремя парами разного размера. Теперь вы сможете выбрать именно тот вариант, с которым вам будет наиболее комфортно использовать гарнитуру. Еще одним плюсом модели является полностью беспроводная конструкция, чтобы вы могли заниматься любыми делами в процессе прослушивания музыки.\r\nНаушники TWS Apple AirPods Pro также поддерживают режим прозрачности, при котором вы сможете слышать все, что происходит вокруг вас. При общении с кем-либо в шумной обстановке пригодится режим «Общение», благодаря которому устройство будет усиливать голос человека, который находится перед вами. Не разочарует и качество звука при разговорах по телефону: двойной микрофон в корпусе гарантирует четкую передачу вашего голоса собеседнику на другом конце провода.",
      "salePrice": "170.00",
      "price": "170.00",
      "freeDelivery": false,
      "title": "Наушники TWS Apple AirPods Pro белый",
      "count": 6,
      "date": "2023-07-07T13:44:55.767Z",
      "dateFrom": null,
      "dateTo": null,
      "rating": 0.0,
      "tags": [
        3
      ],
      "specifications": []
    }
  },
  {
    "model": "product_api.product",
    "pk": 16,
    "fields": {
      "category": 4,
      "subcategory": 9,
      "popular": true,
      "sale": false,
      "limited": false,
      "description": "2.0, охватывающие, 20 Гц - 40000 Гц, 48Ω, Bluetooth, проводной, 5.2, кабель - 1.5 м",
      "fullDescription": "Bluetooth-гарнитура Sony WH-1000XM5 использует охватывающие мягкие амбушюры и фиксируется на оголовье. Поворотная конструкция чашек позволяет удобно транспортировать и хранить устройство, не повреждая его. Благодаря соединению через Bluetooth 5.2 вы обретаете свободу от проводов. От аккумулятора наушники способны звучать в течение 40 ч. При необходимости можно подключить кабель длиной 1.5 м, предусмотренный в комплекте.\r\nОсобенность наушников Sony WH-1000XM5 в оснащении 2 процессорами, который управляют 8 микрофонами, а также в специальном динамике с активным шумоподавлением. Такое решение позволяет достичь высокой четкости в процессе общения и дарит незабываемые ощущения от прослушивания музыки. Динамики диаметром 30 мм с жестким, легким куполом воспроизводят звук в диапазоне 20-40000 Гц: звучание получается естественным и более чистым. Для повышения разрешения сжатых файлов реализована технология DSEE Extreme. Распознавая жанры, музыкальные инструменты, она восстанавливает детали, которых композиции лишились после сжатия.",
      "salePrice": "350.00",
      "price": "350.00",
      "freeDelivery": false,
      "title": "Bluetooth-гарнитура Sony WH-1000XM5 черный",
      "count": 32,
      "date": "2023-07-07T13:47:46.549Z",
      "dateFrom": null,
      "dateTo": null,
      "rating": 0.0,
      "tags": [
        3
      ],
      "specifications": [
        33
      ]
    }
  },
  {
    "model": "product_api.product",
    "pk": 17,
    "fields": {
      "category": 5,
      "subcategory": 10,
      "popular": true,
      "sale": false,
      "limited": false,
      "description": "кроп, 24.1 Мп, 3 кадр./сек, 100-6400 ISO, видео - Full HD, GPS, NFC, Wi-Fi, с объективом",
      "fullDescription": "Зеркальный фотоаппарат Canon EOS 2000D Kit 18-55mm DC сочетает в себе передовые технологии и функционал для получения четкого кинематографического видео в Full-HD и снимков с красивым размытием заднего плана. Модель выполнена в черном корпусе из поликарбонатной смолы. Благодаря интерфейсам NFC и Wi-Fi можно управлять камерой дистанционно и легко делиться снимками. На смартфоне или планшете должно быть установлено приложение Canon Camera Connect.\r\nВ основе Canon EOS 2000D Kit 18-55mm DC лежит CMOS-датчик с 24.1 Мп, область покрытия которого больше до 19 раз, чем у смартфонов. В результате вы сможете создавать снимки с размытым задним планом при слабом освещении. Поддержка светочувствительности 100-6400 ISO позволяет вне зависимости от освещения получать четкие снимки. Съемка в режиме «Live View», который включает в себя творческий авторежим, дает возможность получать подсказки и создавать фотошедевры с фильтрами. Камера использует аккумулятор Canon LP-E10 емкостью 860 мА·ч, заряда которого хватает на 500 снимков.",
      "salePrice": "340.00",
      "price": "340.00",
      "freeDelivery": false,
      "title": "Зеркальный фотоаппарат Canon EOS 2000D Kit 18-55mm DC черный",
      "count": 23,
      "date": "2023-07-07T13:54:06.446Z",
      "dateFrom": null,
      "dateTo": null,
      "rating": 0.0,
      "tags": [],
      "specifications": [
        34
      ]
    }
  },
  {
    "model": "product_api.productimages",
    "pk": 1,
    "fields": {
      "image": "products_images/product1/23ef531b89e6e0608e5ad56c97bf6fef5ef5f497ee9f4c6276e995ef2d00c494.jpg.webp",
      "product": 1
    }
  },
  {
    "model": "product_api.productimages",
    "pk": 2,
    "fields": {
      "image": "products_images/product1/4c55ee51a58b5c62f59fbfeea01c547aa68608b6f145494d1e4b76f8de084dbb.jpg.webp",
      "product": 1
    }
  },
  {
    "model": "product_api.productimages",
    "pk": 4,
    "fields": {
      "image": "products_images/product1/d93411be67aceb8898207675f6aceffe4dc25105233a5bec63a15d38208bafb8.jpg.webp",
      "product": 1
    }
  },
  {
    "model": "product_api.productimages",
    "pk": 5,
    "fields": {
      "image": "products_images/product2/12135f5e78851059c0aa25212425cbee8437d03a9dcb71a3ed31c64920b750ce.jpg.webp",
      "product": 2
    }
  },
  {
    "model": "product_api.productimages",
    "pk": 6,
    "fields": {
      "image": "products_images/product2/6ca51ab88043b8f33bea570a3fd44157a88a0f4cbb333b55cb3fdebddbff25fb.jpg.webp",
      "product": 2
    }
  },
  {
    "model": "product_api.productimages",
    "pk": 7,
    "fields": {
      "image": "products_images/product2/97c15204243e070a4a7cbcc677df8241c9968554713522311686b3bed3053ef6.jpg.webp",
      "product": 2
    }
  },
  {
    "model": "product_api.productimages",
    "pk": 8,
    "fields": {
      "image": "products_images/product2/d6a52641078a85f51acb5c4fe0f28d59279b2f6db77f5354604757eb4c9628e0.jpg.webp",
      "product": 2
    }
  },
  {
    "model": "product_api.productimages",
    "pk": 9,
    "fields": {
      "image": "products_images/product3/d5e1a958ccb124f1ae6a161a5c0ebf72eb2380c9e05ef0ac03930a31701fb58c.jpg.webp",
      "product": 3
    }
  },
  {
    "model": "product_api.productimages",
    "pk": 10,
    "fields": {
      "image": "products_images/product4/db4a7d5ec6037191327245e9728588650aaa2efea3e031af70271276bb50ac01.jpg.webp",
      "product": 4
    }
  },
  {
    "model": "product_api.productimages",
    "pk": 11,
    "fields": {
      "image": "products_images/product4/e3cb78b208da07d0ee2ee82cc572497307d4bdba196af88b6d3d3c6913cbb0fb.jpg.webp",
      "product": 4
    }
  },
  {
    "model": "product_api.productimages",
    "pk": 12,
    "fields": {
      "image": "products_images/product4/e8fcf0bb821d2ec788d488591704b25653a9abc1b0c4a50e4611da553b9165a6.jpg.webp",
      "product": 4
    }
  },
  {
    "model": "product_api.productimages",
    "pk": 13,
    "fields": {
      "image": "products_images/product5/a5e8fe1859ef226cb4aa34d3dccd92fb3a560302a06c0ca38612e51062c242de.jpg.webp",
      "product": 5
    }
  },
  {
    "model": "product_api.productimages",
    "pk": 14,
    "fields": {
      "image": "products_images/product5/94052f7ff2f3d6c128e8b7f40f1831439f4bf37c18c553af55c05370243a424f.jpg.webp",
      "product": 5
    }
  },
  {
    "model": "product_api.productimages",
    "pk": 15,
    "fields": {
      "image": "products_images/product5/88790f773a9ca0157867cb16ab96af1de033d2acd95fcb1d4c50a1a6adf43fe9.jpg.webp",
      "product": 5
    }
  },
  {
    "model": "product_api.productimages",
    "pk": 16,
    "fields": {
      "image": "products_images/product6/97c5cac2aabbc83a09317e4d7677d6d626118dbf0370881c9229fb2fc494644e.jpg.webp",
      "product": 6
    }
  },
  {
    "model": "product_api.productimages",
    "pk": 17,
    "fields": {
      "image": "products_images/product6/d23194c7f575a35f9b0c80e5a0ef14b22fc3a8bde3b17229dc65f18723770673.jpg.webp",
      "product": 6
    }
  },
  {
    "model": "product_api.productimages",
    "pk": 18,
    "fields": {
      "image": "products_images/product6/f18f5a76a181c3989d857679947a8244f94e29311f30d380218ce7263402a939.jpg.webp",
      "product": 6
    }
  },
  {
    "model": "product_api.productimages",
    "pk": 19,
    "fields": {
      "image": "products_images/product7/8e2e696c92d6870c04495a2e81da9f79ed780bad504890f40e6210f27be61e7d.jpg.webp",
      "product": 7
    }
  },
  {
    "model": "product_api.productimages",
    "pk": 20,
    "fields": {
      "image": "products_images/product7/1d7947dc4566e224f2a8bcc817610b678605d0f72bb58e3c33e9b4ec1b98318e.jpg.webp",
      "product": 7
    }
  },
  {
    "model": "product_api.productimages",
    "pk": 21,
    "fields": {
      "image": "products_images/product8/12c1189c921ae40e34e194de284730ff7062c992fbdc12d1b35465a5973c01e2.jpg.webp",
      "product": 8
    }
  },
  {
    "model": "product_api.productimages",
    "pk": 22,
    "fields": {
      "image": "products_images/product8/95d6c838dd3d839c35bbf3431c0d5a31c9a91ecf21ef64b5e3ffd6443d8e3bda.jpg.webp",
      "product": 8
    }
  },
  {
    "model": "product_api.productimages",
    "pk": 23,
    "fields": {
      "image": "products_images/product9/1feede9ce6ac893a1e4ff79f80d10876ce78a16ade4780a02d57f07775e721bc.jpg.webp",
      "product": 9
    }
  },
  {
    "model": "product_api.productimages",
    "pk": 24,
    "fields": {
      "image": "products_images/product9/f55b91c191c063046d3549a7d66f32a1bb395b8c72d745373528a7368e1c0c07.jpg.webp",
      "product": 9
    }
  },
  {
    "model": "product_api.productimages",
    "pk": 25,
    "fields": {
      "image": "products_images/product10/407d62cfc753a32cd1ee32236cf0a812f5fdf28c6ab77d62257d05e66cc63710.png.webp",
      "product": 10
    }
  },
  {
    "model": "product_api.productimages",
    "pk": 26,
    "fields": {
      "image": "products_images/product10/1b0c696d724891285dcfbb3662193bf1613b7d40c4a4407416f84edb9336d270.png.webp",
      "product": 10
    }
  },
  {
    "model": "product_api.productimages",
    "pk": 27,
    "fields": {
      "image": "products_images/product11/63cfe6928fb6ff0be32679235b8361a3a4a7c1168426a6f5d40f0858261a2228.jpg.webp",
      "product": 11
    }
  },
  {
    "model": "product_api.productimages",
    "pk": 28,
    "fields": {
      "image": "products_images/product11/33028a7663aef70d789888a76d3dfdd505a3cbd80707269afefc609ab42da5a0.jpg.webp",
      "product": 11
    }
  },
  {
    "model": "product_api.productimages",
    "pk": 29,
    "fields": {
      "image": "products_images/product12/cc0d1539a0b95911c90042d470c08ed723ab41898e8f8110a9fab0b6af617510.png.webp",
      "product": 12
    }
  },
  {
    "model": "product_api.productimages",
    "pk": 30,
    "fields": {
      "image": "products_images/product12/b4b0f02a8e670512d48100a679f47b8889d509d31516fa1254dc2bc7cd58d4da.jpg.webp",
      "product": 12
    }
  },
  {
    "model": "product_api.productimages",
    "pk": 31,
    "fields": {
      "image": "products_images/product13/5766ce17c9474911d4d51a280b72cc42e6c622a8f7b65310f7ef0f18d349202d.jpg.webp",
      "product": 13
    }
  },
  {
    "model": "product_api.productimages",
    "pk": 32,
    "fields": {
      "image": "products_images/product13/3014a85f90fd6e101c0df02957d53090c5cefa0a1c174dd4af798b4893877880.jpg.webp",
      "product": 13
    }
  },
  {
    "model": "product_api.productimages",
    "pk": 33,
    "fields": {
      "image": "products_images/product13/b81481385df9b458ff624bc30052003a511a094f26d749f56b0d0cdfc4e6c5f4.jpg.webp",
      "product": 13
    }
  },
  {
    "model": "product_api.productimages",
    "pk": 34,
    "fields": {
      "image": "products_images/product14/74f73968461c5f6852b4ba74dc3c5d8634f5f9c0ff3303d1b26eda062f57b487.jpg.webp",
      "product": 14
    }
  },
  {
    "model": "product_api.productimages",
    "pk": 35,
    "fields": {
      "image": "products_images/product14/320f7014f3ba3792ebd88fe0d65a8c164babf29196e1cc80a73765b9ca4b6227.jpg.webp",
      "product": 14
    }
  },
  {
    "model": "product_api.productimages",
    "pk": 36,
    "fields": {
      "image": "products_images/product14/f198183fd680fb7905839eaf67d03e03d331e2a40ba22a075d5006b2ef3f0f5d.jpg.webp",
      "product": 14
    }
  },
  {
    "model": "product_api.productimages",
    "pk": 37,
    "fields": {
      "image": "products_images/product15/e2d5089442ab7ccc11173e7e23e92cf78b7b7ecd36955b84f5aebc99713f9f48.jpg.webp",
      "product": 15
    }
  },
  {
    "model": "product_api.productimages",
    "pk": 38,
    "fields": {
      "image": "products_images/product15/ee7a4d9c4a7dd39db5ea1fad5752d999e7bb9601a46f5635f4213a332ac0c997.jpg.webp",
      "product": 15
    }
  },
  {
    "model": "product_api.productimages",
    "pk": 39,
    "fields": {
      "image": "products_images/product16/a749614f9577abf27f164c73eb5d00bf96f31fcecc9272d7d7e8553681281593.jpg.webp",
      "product": 16
    }
  },
  {
    "model": "product_api.productimages",
    "pk": 40,
    "fields": {
      "image": "products_images/product16/c6faee61c83b54e73d38a4bad8552d5d758d50b43c2d3f2f24bd2777bd387f3f.jpg.webp",
      "product": 16
    }
  },
  {
    "model": "product_api.productimages",
    "pk": 41,
    "fields": {
      "image": "products_images/product17/9766b449da78f23258acb8f1550c8731adcdcfba4a7018675739253faca184f1.jpg.webp",
      "product": 17
    }
  },
  {
    "model": "product_api.productimages",
    "pk": 42,
    "fields": {
      "image": "products_images/product17/c90f314bae752c89feb18dc199ed80d06469fa9fd01147447a7175e51fa3bd2e.jpg.webp",
      "product": 17
    }
  },
  {
    "model": "product_api.productimages",
    "pk": 43,
    "fields": {
      "image": "products_images/product17/c739352b8b49147a2ce274882e8f84665773dbed2887d38740ded651aa7be928.jpg.webp",
      "product": 17
    }
  }
]